Date,Close,Open,High,Low,Volume
1/2/2019,101.12,99.55,101.75,98.94,35329345.00
1/3/2019,97.40,100.10,100.19,97.20,42578410.00
1/4/2019,101.93,99.72,102.51,98.93,44060620.00
1/7/2019,102.06,101.64,103.27,100.98,35656136.00
1/8/2019,102.80,103.04,103.97,101.71,31514415.00
1/9/2019,104.27,103.86,104.88,103.24,32280840.00
1/10/2019,103.60,103.22,103.75,102.38,30067556.00
1/11/2019,102.80,103.19,103.44,101.64,28314202.00
1/14/2019,102.05,101.90,102.87,101.26,28437079.00
1/15/2019,105.01,102.51,105.05,101.88,31587616.00
1/16/2019,105.38,105.26,106.26,104.96,29853865.00
1/17/2019,106.12,105.00,106.63,104.76,28393015.00
1/18/2019,107.71,107.46,107.90,105.91,37427587.00
1/22/2019,105.68,106.75,107.10,104.86,32371253.00
1/23/2019,106.71,106.12,107.04,105.34,25874294.00
1/24/2019,106.20,106.86,107.00,105.34,23164838.00
1/25/2019,107.17,107.24,107.88,106.59,31218193.00
1/28/2019,105.08,106.26,106.48,104.66,29476719.00
1/29/2019,102.94,104.88,104.97,102.17,31490547.00
1/30/2019,106.38,104.62,106.38,104.33,49471866.00
1/31/2019,104.43,103.80,105.22,103.18,55636391.00
2/1/2019,102.78,103.78,104.10,102.35,35535690.00
2/4/2019,105.74,102.87,105.80,102.77,31315282.00
2/5/2019,107.22,106.06,107.27,105.96,27325365.00
2/6/2019,106.03,107.00,107.00,105.53,20609759.00
2/7/2019,105.27,105.19,105.59,104.29,29760697.00
2/8/2019,105.67,104.39,105.78,104.26,21461093.00
2/11/2019,105.25,106.20,106.58,104.97,18914123.00
2/12/2019,106.89,106.14,107.14,105.48,25056595.00
2/13/2019,106.81,107.50,107.78,106.71,18394869.00
2/14/2019,106.90,106.31,107.29,105.66,21784703.00
2/15/2019,108.22,107.91,108.30,107.36,26606886.00
2/19/2019,108.17,107.79,108.66,107.78,18038460.00
2/20/2019,107.15,107.86,107.94,106.29,21607671.00
2/21/2019,109.41,106.90,109.48,106.87,29063231.00
2/22/2019,110.97,110.05,111.20,109.82,27763218.00
2/25/2019,111.59,111.76,112.18,111.26,23750599.00
2/26/2019,112.36,111.26,113.24,111.17,21536733.00
2/27/2019,112.17,111.69,112.36,110.88,21487062.00
2/28/2019,112.03,112.04,112.88,111.73,29083934.00
3/1/2019,112.53,112.89,113.02,111.67,23501169.00
3/4/2019,112.26,113.02,113.25,110.80,26608014.00
3/5/2019,111.70,112.25,112.39,111.23,19538318.00
3/6/2019,111.75,111.87,112.66,111.43,17686996.00
3/7/2019,110.39,111.40,111.55,109.87,25338954.00
3/8/2019,110.51,109.16,110.71,108.80,22818430.00
3/11/2019,112.83,110.99,112.95,110.98,26491618.00
3/12/2019,113.62,112.82,113.99,112.65,26132717.00
3/13/2019,114.50,114.13,115.00,113.78,35513771.00
3/14/2019,114.59,114.54,115.20,114.33,30763367.00
3/15/2019,115.91,115.34,117.25,114.59,54630661.00
3/18/2019,117.57,116.17,117.61,116.05,31207596.00
3/19/2019,117.65,118.09,118.44,116.99,37588697.00
3/20/2019,117.52,117.39,118.75,116.71,28113343.00
3/21/2019,120.22,117.14,120.82,117.09,29854446.00
3/22/2019,117.05,119.50,119.59,117.04,33624528.00
3/25/2019,117.66,116.56,118.01,116.32,27067117.00
3/26/2019,117.91,118.62,118.71,116.85,26097665.00
3/27/2019,116.77,117.88,118.21,115.52,22733427.00
3/28/2019,116.93,117.44,117.58,116.13,18334755.00
3/29/2019,117.94,118.07,118.32,116.96,25399752.00
4/1/2019,119.02,118.95,119.11,118.10,22789103.00
4/2/2019,119.19,119.06,119.48,118.52,18142297.00
4/3/2019,119.97,119.86,120.43,119.15,22860744.00
4/4/2019,119.36,120.10,120.23,118.38,20112848.00
4/5/2019,119.89,119.39,120.23,119.37,15826245.00
4/8/2019,119.93,119.81,120.02,118.64,15116186.00
4/9/2019,119.28,118.63,119.54,118.58,17611981.00
4/10/2019,120.19,119.76,120.35,119.54,16477169.00
4/11/2019,120.33,120.54,120.85,119.92,14209121.00
4/12/2019,120.95,120.64,120.98,120.37,19745143.00
4/15/2019,121.05,120.94,121.58,120.57,15792572.00
4/16/2019,120.77,121.64,121.65,120.10,14071787.00
4/17/2019,121.77,121.24,121.85,120.54,19300938.00
4/18/2019,123.37,122.19,123.52,121.30,27990998.00
4/22/2019,123.76,122.62,124.00,122.57,15648724.00
4/23/2019,125.44,124.10,125.58,123.83,24025521.00
4/24/2019,125.01,125.79,125.85,124.52,31256980.00
4/25/2019,129.15,130.06,131.37,128.83,38033892.00
4/26/2019,129.89,129.70,130.52,129.02,23654933.00
4/29/2019,129.77,129.90,130.18,129.35,16324183.00
4/30/2019,130.60,129.81,130.70,129.39,24166503.00
5/1/2019,127.88,130.53,130.65,127.70,26821692.00
5/2/2019,126.21,127.98,128.00,125.52,27350161.00
5/3/2019,128.90,127.36,129.43,127.25,24911126.00
5/6/2019,128.15,126.39,128.56,126.11,24239464.00
5/7/2019,125.52,126.46,127.18,124.22,36017661.00
5/8/2019,125.51,125.44,126.37,124.75,28418996.00
5/9/2019,125.50,124.29,125.79,123.57,27235835.00
5/10/2019,127.13,124.91,127.93,123.82,30915084.00
5/13/2019,123.35,124.11,125.55,123.04,33944923.00
5/14/2019,124.73,123.87,125.88,123.70,25266315.00
5/15/2019,126.02,124.26,126.71,123.70,24722708.00
5/16/2019,128.93,126.75,129.38,126.46,30112216.00
5/17/2019,128.07,128.31,130.46,127.92,25770539.00
5/20/2019,126.22,126.52,127.59,125.76,23706934.00
5/21/2019,126.90,127.43,127.53,126.58,15293260.00
5/22/2019,127.67,126.62,128.24,126.52,15396485.00
5/23/2019,126.18,126.20,126.29,124.74,23603810.00
5/24/2019,126.24,126.91,127.42,125.97,14123358.00
5/28/2019,126.16,126.98,128.00,126.05,23128359.00
5/29/2019,124.94,125.38,125.39,124.04,22763140.00
5/30/2019,125.73,125.26,125.76,124.78,16829613.00
5/31/2019,123.68,124.23,124.62,123.32,26646769.00
6/3/2019,119.84,123.85,124.37,119.01,37983637.00
6/4/2019,123.16,121.28,123.28,120.65,29382642.00
6/5/2019,125.83,124.95,125.87,124.21,24926140.00
6/6/2019,127.82,126.44,127.97,125.60,21458961.00
6/7/2019,131.40,129.19,132.25,128.26,33885588.00
6/10/2019,132.60,132.40,134.08,132.00,26477098.00
6/11/2019,132.10,133.88,134.24,131.28,23913731.00
6/12/2019,131.49,131.40,131.97,130.71,17092464.00
6/13/2019,132.32,131.98,132.67,131.56,17200848.00
6/14/2019,132.45,132.26,133.79,131.64,17821703.00
6/17/2019,132.85,132.63,133.73,132.53,14517785.00
6/18/2019,135.16,134.19,135.24,133.57,25934458.00
6/19/2019,135.69,135.00,135.93,133.81,23744441.00
6/20/2019,136.95,137.45,137.66,135.72,33042592.00
6/21/2019,136.97,136.58,137.73,136.46,36727892.00
6/24/2019,137.78,137.00,138.40,137.00,20628841.00
6/25/2019,133.43,137.25,137.59,132.73,33327420.00
6/26/2019,133.93,134.35,135.74,133.60,23657745.00
6/27/2019,134.15,134.14,134.71,133.51,16557482.00
6/28/2019,133.96,134.57,134.60,133.16,30042969.00
7/1/2019,135.68,136.63,136.70,134.97,22654160.00
7/2/2019,136.58,136.12,136.59,135.34,15237843.00
7/3/2019,137.46,136.80,137.74,136.30,13629296.00
7/5/2019,137.06,135.94,137.33,135.72,18141140.00
7/8/2019,136.96,136.40,137.10,135.37,16779748.00
7/9/2019,136.46,136.00,136.97,135.80,19953097.00
7/10/2019,137.85,137.13,138.58,137.02,24204362.00
7/11/2019,138.40,138.20,139.22,137.87,22327942.00
7/12/2019,138.90,138.85,139.13,138.01,18936832.00
7/15/2019,138.90,139.44,139.54,138.46,16651457.00
7/16/2019,137.08,138.96,139.05,136.52,22726128.00
7/17/2019,136.27,137.70,137.93,136.22,20210956.00
7/18/2019,136.42,135.55,136.62,134.67,30808707.00
7/19/2019,136.62,140.22,140.67,136.45,48992364.00
7/22/2019,138.43,137.41,139.19,137.33,25080760.00
7/23/2019,139.29,139.76,139.99,138.03,18034589.00
7/24/2019,140.72,138.90,140.74,138.85,20738275.00
7/25/2019,140.19,140.43,140.61,139.32,18356883.00
7/26/2019,141.34,140.37,141.68,140.30,19037600.00
7/29/2019,141.03,141.50,141.51,139.37,16605870.00
7/30/2019,140.35,140.14,141.22,139.80,16846528.00
7/31/2019,136.27,140.33,140.49,135.08,38598786.00
8/1/2019,138.06,137.00,140.94,136.93,40557502.00
8/2/2019,136.90,138.09,138.32,135.26,30791624.00
8/5/2019,132.21,133.30,133.93,130.78,42749551.00
8/6/2019,134.69,133.80,135.68,133.21,32696651.00
8/7/2019,135.28,133.79,135.65,131.83,33414539.00
8/8/2019,138.89,136.60,138.99,135.93,27496508.00
8/9/2019,137.71,138.61,139.38,136.46,23466701.00
8/12/2019,135.79,137.07,137.86,135.24,20484348.00
8/13/2019,138.60,136.05,138.80,135.00,25496593.00
8/14/2019,133.98,136.36,136.92,133.67,32527251.00
8/15/2019,133.68,134.39,134.58,132.25,28125416.00
8/16/2019,136.13,134.88,136.46,134.72,25026151.00
8/19/2019,138.41,137.86,138.55,136.89,24370543.00
8/20/2019,137.26,138.21,138.71,137.24,21188998.00
8/21/2019,138.79,138.55,139.49,138.00,14982314.00
8/22/2019,137.78,138.66,139.20,136.29,18709662.00
8/23/2019,133.39,137.19,138.35,132.80,38515386.00
8/26/2019,135.45,134.99,135.56,133.90,20325271.00
8/27/2019,135.74,136.39,136.72,134.66,23115635.00
8/28/2019,135.56,134.88,135.76,133.55,17410828.00
8/29/2019,138.12,137.25,138.44,136.91,20179716.00
8/30/2019,137.86,139.15,139.18,136.27,23946123.00
9/3/2019,136.04,136.61,137.20,135.70,18880773.00
9/4/2019,137.63,137.30,137.69,136.48,18015310.00
9/5/2019,140.05,139.11,140.38,138.76,26119520.00
9/6/2019,139.10,140.03,140.18,138.20,20824504.00
9/9/2019,137.52,139.59,139.75,136.46,25773932.00
9/10/2019,136.08,136.80,136.89,134.51,28903378.00
9/11/2019,136.12,135.91,136.27,135.09,24726117.00
9/12/2019,137.52,137.85,138.42,136.87,27009981.00
9/13/2019,137.32,137.78,138.06,136.57,23363057.00
9/16/2019,136.33,135.83,136.70,135.66,16731440.00
9/17/2019,137.39,136.96,137.52,136.43,17976285.00
9/18/2019,138.52,137.36,138.67,136.53,24473386.00
9/19/2019,141.07,140.30,142.37,140.07,36095413.00
9/20/2019,139.44,141.01,141.65,138.25,40040766.00
9/23/2019,139.14,139.23,139.63,138.44,17408374.00
9/24/2019,137.38,140.36,140.69,136.88,30016670.00
9/25/2019,139.36,137.50,139.96,136.03,22544054.00
9/26/2019,139.54,139.44,140.18,138.44,17813512.00
9/27/2019,137.73,140.15,140.36,136.65,22498958.00
9/30/2019,139.03,138.05,139.22,137.78,18430390.00
10/1/2019,137.07,139.66,140.25,137.00,22581929.00
10/2/2019,134.65,136.25,136.37,133.58,32001763.00
10/3/2019,136.28,134.95,136.75,133.22,26379798.00
10/4/2019,138.12,136.75,138.25,136.42,23839548.00
10/7/2019,137.12,137.14,138.18,137.02,16601284.00
10/8/2019,135.67,137.08,137.76,135.62,26783336.00
10/9/2019,138.24,137.46,138.70,136.97,20178482.00
10/10/2019,139.10,138.49,139.67,138.25,18396605.00
10/11/2019,139.68,140.12,141.03,139.50,25551065.00
10/14/2019,139.55,139.69,140.29,139.52,13591639.00
10/15/2019,141.58,140.06,141.79,139.81,19917762.00
10/16/2019,140.41,140.79,140.99,139.53,20841687.00
10/17/2019,139.69,140.95,141.42,139.02,22102797.00
10/18/2019,137.41,139.76,140.00,136.56,32284428.00
10/21/2019,138.43,138.45,138.50,137.01,20716039.00
10/22/2019,136.37,138.97,140.01,136.26,27935270.00
10/23/2019,137.24,136.88,137.45,135.61,31380309.00
10/24/2019,139.94,139.39,140.42,138.67,37278399.00
10/25/2019,140.73,139.34,141.14,139.20,25959724.00
10/28/2019,144.19,144.40,145.67,143.51,35280137.00
10/29/2019,142.83,144.08,144.50,142.65,20589469.00
10/30/2019,144.61,143.52,145.00,142.79,18496591.00
10/31/2019,143.37,144.90,144.93,142.99,24605135.00
11/1/2019,143.72,144.26,144.42,142.97,33128366.00
11/4/2019,144.55,144.83,145.00,144.16,16911999.00
11/5/2019,144.46,144.97,145.02,143.91,18250172.00
11/6/2019,144.06,144.37,144.52,143.20,16575798.00
11/7/2019,144.26,143.84,144.88,143.77,17786715.00
11/8/2019,145.96,143.98,145.99,143.76,16752939.00
11/11/2019,146.11,145.34,146.42,144.73,14370178.00
11/12/2019,147.07,146.28,147.57,146.06,18648712.00
11/13/2019,147.31,146.74,147.46,146.28,17444230.00
11/14/2019,148.06,147.02,148.41,147.00,19755100.00
11/15/2019,149.97,148.93,149.99,148.27,23508807.00
11/18/2019,150.34,150.07,150.55,148.98,21554762.00
11/19/2019,150.39,150.88,151.33,150.20,23960164.00
11/20/2019,149.62,150.31,150.84,148.46,25720060.00
11/21/2019,149.48,149.40,149.80,148.50,18576083.00
11/22/2019,149.59,150.07,150.30,148.82,15841680.00
11/25/2019,151.23,150.00,151.35,149.92,22428585.00
11/26/2019,152.03,151.36,152.42,151.32,24635100.00
11/27/2019,152.32,152.33,152.50,151.52,15201293.00
11/29/2019,151.38,152.10,152.30,151.28,11977300.00
12/2/2019,149.55,151.81,151.83,148.32,27473616.00
12/3/2019,149.31,147.49,149.43,146.65,25192145.00
12/4/2019,149.85,150.14,150.18,149.20,17580617.00
12/5/2019,149.93,150.05,150.32,149.48,17880601.00
12/6/2019,151.75,150.99,151.87,150.27,16410400.00
12/9/2019,151.36,151.07,152.21,150.91,16741350.00
12/10/2019,151.13,151.29,151.89,150.77,16481060.00
12/11/2019,151.70,151.54,151.87,150.33,18860001.00
12/12/2019,153.24,151.65,153.44,151.02,24645366.00
12/13/2019,154.53,153.00,154.89,152.83,23850062.00
12/16/2019,155.53,155.11,155.90,154.82,24152770.00
12/17/2019,154.69,155.45,155.71,154.45,25443527.00
12/18/2019,154.37,154.30,155.48,154.18,24132379.00
12/19/2019,155.71,154.00,155.77,153.75,25813825.00
12/20/2019,157.41,157.35,158.49,156.29,53599613.00
12/23/2019,157.41,158.12,158.12,157.27,17726283.00
12/24/2019,157.38,157.48,157.71,157.12,8989150.00
12/26/2019,158.67,157.56,158.73,157.40,14526927.00
12/27/2019,158.96,159.45,159.55,158.22,18414352.00
12/30/2019,157.59,158.99,159.02,156.73,16356720.00
12/31/2019,157.70,156.77,157.77,156.45,18393383.00
1/2/2020,160.62,158.78,160.73,158.33,22634546.00
1/3/2020,158.62,158.32,159.95,158.06,21121681.00
1/6/2020,159.03,157.08,159.10,156.51,20826702.00
1/7/2020,157.58,159.32,159.67,157.32,21881740.00
1/8/2020,160.09,158.93,160.80,157.95,27762026.00
1/9/2020,162.09,161.84,162.22,161.03,21399951.00
1/10/2020,161.34,162.82,163.22,161.18,20733946.00
1/13/2020,163.28,161.76,163.31,161.26,21637007.00
1/14/2020,162.13,163.39,163.60,161.72,23500783.00
1/15/2020,163.18,162.62,163.94,162.57,21417871.00
1/16/2020,166.17,164.35,166.24,164.03,23865360.00
1/17/2020,167.10,167.42,167.47,165.43,34371659.00
1/21/2020,166.50,166.68,168.19,166.43,29517191.00
1/22/2020,165.70,167.40,167.49,165.68,24138777.00
1/23/2020,166.72,166.19,166.80,165.27,19680766.00
1/24/2020,165.04,167.51,167.53,164.45,24918117.00
1/27/2020,162.28,161.15,163.38,160.20,32078067.00
1/28/2020,165.46,163.78,165.76,163.07,24899940.00
1/29/2020,168.04,167.84,168.75,165.69,35127771.00
1/30/2020,172.78,174.05,174.05,170.79,51597470.00
1/31/2020,170.23,172.21,172.40,169.58,36142690.00
2/3/2020,174.38,170.43,174.50,170.40,30149052.00
2/4/2020,180.12,177.14,180.64,176.31,36433339.00
2/5/2020,179.90,184.03,184.20,178.41,39186324.00
2/6/2020,183.63,180.97,183.82,180.06,27751381.00
2/7/2020,183.89,182.85,185.63,182.48,33529074.00
2/10/2020,188.70,183.58,188.84,183.25,35844267.00
2/11/2020,184.44,190.65,190.70,183.50,53159906.00
2/12/2020,184.71,185.58,185.85,181.85,47062921.00
2/13/2020,183.71,183.08,186.23,182.87,35295834.00
2/14/2020,185.35,183.25,185.41,182.65,23149516.00
2/18/2020,187.23,185.61,187.70,185.50,27853113.00
2/19/2020,187.28,188.06,188.18,186.47,29997471.00
2/20/2020,184.42,186.95,187.25,181.10,36862376.00
2/21/2020,178.59,183.17,183.50,177.25,48600385.00
2/24/2020,170.89,167.77,174.55,163.23,68311066.00
2/25/2020,168.07,174.20,174.84,167.65,68073295.00
2/26/2020,170.17,169.71,173.26,168.21,56387148.00
2/27/2020,158.18,163.32,167.03,157.98,93174906.00
2/28/2020,162.01,152.41,163.71,152.00,97073557.00
3/2/2020,172.79,165.31,172.92,162.31,71030810.00
3/3/2020,164.51,173.80,175.00,162.26,71677019.00
3/4/2020,170.55,168.49,170.70,165.62,49814383.00
3/5/2020,166.27,166.05,170.87,165.69,47817251.00
3/6/2020,161.57,162.61,163.11,156.00,72821057.00
3/9/2020,150.62,151.00,157.75,150.00,70419274.00
3/10/2020,160.92,158.16,161.03,152.58,65354385.00
3/11/2020,153.63,157.13,157.70,151.15,56504304.00
3/12/2020,139.06,145.30,153.47,138.58,93226366.00
3/13/2020,158.83,147.50,161.91,140.73,92727446.00
3/16/2020,135.42,140.00,149.35,135.00,87905868.00
3/17/2020,146.57,140.00,147.50,135.00,81059817.00
3/18/2020,140.40,138.00,146.00,135.02,81593173.00
3/19/2020,142.71,142.77,150.15,139.00,85922661.00
3/20/2020,137.35,146.00,147.10,135.86,84866215.00
3/23/2020,135.98,137.01,140.57,132.52,78975176.00
3/24/2020,148.34,143.75,149.60,141.27,82516727.00
3/25/2020,146.92,148.91,154.33,144.44,75638224.00
3/26/2020,156.11,148.40,156.66,148.37,64694427.00
3/27/2020,149.70,151.75,154.89,149.20,57042291.00
3/30/2020,160.23,152.44,160.60,150.01,63420326.00
3/31/2020,157.71,159.40,164.78,156.56,77927186.00
4/1/2020,152.11,153.00,157.75,150.82,57969926.00
4/2/2020,155.26,151.86,155.48,150.36,49630735.00
4/3/2020,153.83,155.10,157.38,152.19,41243284.00
4/6/2020,165.27,160.32,166.50,157.58,67111697.00
4/7/2020,163.49,169.59,170.00,163.26,62769038.00
4/8/2020,165.13,165.67,166.67,163.50,48318234.00
4/9/2020,165.14,166.36,167.37,163.33,51431775.00
4/13/2020,165.51,164.35,165.57,162.30,41905264.00
4/14/2020,173.70,169.00,173.75,168.00,52874338.00
4/15/2020,171.88,171.20,173.57,169.24,40940833.00
4/16/2020,177.04,174.30,177.28,172.90,50479610.00
4/17/2020,178.60,179.50,180.00,175.87,52765625.00
4/20/2020,175.06,176.63,178.75,174.99,36669595.00
4/21/2020,167.82,173.50,173.67,166.11,56203749.00
4/22/2020,173.52,171.39,174.00,170.82,34651604.00
4/23/2020,171.42,174.11,175.06,170.91,32790804.00
4/24/2020,174.55,172.06,174.56,170.71,34305320.00
4/27/2020,174.05,176.59,176.90,173.30,33194384.00
4/28/2020,169.81,175.59,175.67,169.39,34392694.00
4/29/2020,177.43,173.22,177.68,171.88,51286559.00
4/30/2020,179.21,180.00,180.40,176.23,53875857.00
5/1/2020,174.57,175.80,178.64,174.01,39370474.00
5/4/2020,178.84,174.49,179.00,173.80,30372862.00
5/5/2020,180.76,180.62,183.65,179.90,36839168.00
5/6/2020,182.54,182.08,184.20,181.63,32139299.00
5/7/2020,183.60,184.17,184.55,182.58,28315992.00
5/8/2020,184.68,184.98,185.00,183.36,30912638.00
5/11/2020,186.74,183.15,187.51,182.85,30892660.00
5/12/2020,182.51,186.80,187.04,182.30,32038199.00
5/13/2020,179.75,182.55,184.05,176.54,44711488.00
5/14/2020,180.53,177.54,180.69,175.68,41873911.00
5/15/2020,183.16,179.06,187.06,177.00,46610382.00
5/18/2020,184.91,185.75,186.20,183.96,35306620.00
5/19/2020,183.63,185.03,186.60,183.49,26799116.00
5/20/2020,185.66,184.81,185.85,183.94,31261334.00
5/21/2020,183.43,185.40,186.67,183.29,29119513.00
5/22/2020,183.51,183.19,184.46,182.54,20826898.00
5/26/2020,181.57,186.34,186.50,181.10,36073609.00
5/27/2020,181.81,180.20,181.99,176.60,39517146.00
5/28/2020,181.40,180.74,184.15,180.38,33831824.00
5/29/2020,183.25,182.73,184.27,180.41,42146720.00
6/1/2020,182.83,182.54,183.00,181.46,22668821.00
6/2/2020,184.91,184.25,185.00,181.35,30794585.00
6/3/2020,185.36,184.82,185.94,183.58,27311016.00
6/4/2020,182.92,184.30,185.84,182.30,28761809.00
6/5/2020,187.20,182.62,187.73,182.01,39893643.00
6/8/2020,188.36,185.94,188.55,184.44,33211590.00
6/9/2020,189.80,188.00,190.70,187.26,29783916.00
6/10/2020,196.84,191.13,198.52,191.01,43872329.00
6/11/2020,186.27,193.13,195.76,186.07,52854672.00
6/12/2020,187.74,190.54,191.72,185.18,43373587.00
6/15/2020,188.94,184.58,190.82,184.01,32770189.00
6/16/2020,193.57,192.89,195.58,191.46,42556656.00
6/17/2020,194.24,195.03,196.32,193.69,25687822.00
6/18/2020,196.32,194.00,196.49,194.00,23061648.00
6/19/2020,195.15,198.59,199.29,194.37,44441141.00
6/22/2020,200.57,195.79,200.76,195.23,32818929.00
6/23/2020,201.91,202.09,203.95,201.43,30917447.00
6/24/2020,197.84,201.60,203.25,196.56,36740647.00
6/25/2020,200.34,197.80,200.61,195.47,27803933.00
6/26/2020,196.33,199.73,199.89,194.88,54675780.00
6/29/2020,198.44,195.78,198.53,193.55,26701586.00
6/30/2020,203.51,197.88,204.40,197.74,34310283.00
7/1/2020,204.70,203.14,206.35,201.77,32061206.00
7/2/2020,206.26,205.68,208.02,205.00,29315762.00
7/6/2020,210.70,208.83,211.13,208.09,31897629.00
7/7/2020,208.25,210.45,214.67,207.99,33600732.00
7/8/2020,212.83,210.07,213.26,208.69,33600025.00
7/9/2020,214.32,216.33,216.38,211.47,33121681.00
7/10/2020,213.67,213.62,214.08,211.08,26177633.00
7/13/2020,207.07,214.48,215.80,206.50,38135606.00
7/14/2020,208.35,206.13,208.85,202.03,37591820.00
7/15/2020,208.04,209.56,211.33,205.03,32179409.00
7/16/2020,203.92,205.40,205.70,202.31,29940653.00
7/17/2020,202.88,204.47,205.04,201.39,31635281.00
7/20/2020,211.60,205.00,212.30,203.01,36884836.00
7/21/2020,208.75,213.66,213.94,208.03,38105777.00
7/22/2020,211.75,209.20,212.30,208.39,49605692.00
7/23/2020,202.54,207.19,210.92,202.15,67457035.00
7/24/2020,201.30,200.42,202.86,197.51,39826989.00
7/27/2020,203.85,201.47,203.97,200.86,30160867.00
7/28/2020,202.02,203.61,204.70,201.74,23251388.00
7/29/2020,204.06,202.50,204.65,202.01,19632602.00
7/30/2020,203.90,201.00,204.46,199.57,25079596.00
7/31/2020,205.01,204.40,205.10,199.01,51247969.00
8/3/2020,216.54,211.52,217.64,210.44,78983009.00
8/4/2020,213.29,214.17,214.77,210.31,49280056.00
8/5/2020,212.94,214.90,215.00,211.57,28858621.00
8/6/2020,216.35,212.34,216.37,211.55,32656843.00
8/7/2020,212.48,214.85,215.70,210.93,27820421.00
8/10/2020,208.25,211.67,211.88,206.35,36716462.00
8/11/2020,203.38,207.16,207.65,203.14,36446459.00
8/12/2020,209.19,205.29,210.28,204.75,28041364.00
8/13/2020,208.70,209.44,211.35,208.15,22588870.00
8/14/2020,208.90,208.76,209.59,207.51,17958936.00
8/17/2020,210.28,209.60,211.19,208.92,20184757.00
8/18/2020,211.49,210.53,212.36,209.21,21336167.00
8/19/2020,209.70,211.49,212.10,209.25,27627561.00
8/20/2020,214.58,209.54,215.00,208.91,26981478.00
8/21/2020,213.02,213.86,216.25,212.85,36249319.00
8/24/2020,213.69,214.79,215.52,212.43,25460147.00
8/25/2020,216.47,213.10,216.61,213.10,23043696.00
8/26/2020,221.15,217.88,222.09,217.36,39600828.00
8/27/2020,226.58,222.89,231.15,219.40,57602195.00
8/28/2020,228.91,228.18,230.64,226.58,26292896.00
8/31/2020,225.53,227.00,228.70,224.31,28774156.00
9/1/2020,227.27,225.51,227.45,224.43,25791235.00
9/2/2020,231.65,227.97,232.86,227.35,34080839.00
9/3/2020,217.30,229.27,229.31,214.96,58400288.00
9/4/2020,214.25,215.10,218.36,205.19,59664072.00
9/8/2020,202.66,206.50,210.03,202.20,52924330.00
9/9/2020,211.29,207.60,214.84,206.70,45678986.00
9/10/2020,205.37,213.40,214.74,204.11,35461514.00
9/11/2020,204.03,207.20,208.63,201.24,33620073.00
9/14/2020,205.41,204.24,209.20,204.03,30375768.00
9/15/2020,208.78,208.42,209.78,206.93,21823942.00
9/16/2020,205.05,210.62,210.65,204.64,26372464.00
9/17/2020,202.91,200.05,204.33,199.96,34011257.00
9/18/2020,200.39,202.80,203.65,196.25,55225326.00
9/21/2020,202.54,197.19,202.71,196.38,39839657.00
9/22/2020,207.42,205.06,208.10,202.08,33517065.00
9/23/2020,200.59,207.90,208.10,200.03,30803780.00
9/24/2020,203.19,199.85,205.57,199.20,31202493.00
9/25/2020,207.82,203.55,209.04,202.54,29437312.00
9/28/2020,209.44,210.88,212.57,208.06,32004936.00
9/29/2020,207.26,209.35,210.07,206.81,24464472.00
9/30/2020,210.33,207.73,211.98,206.54,33829088.00
10/1/2020,212.46,213.49,213.99,211.32,27158418.00
10/2/2020,206.19,208.00,210.99,205.54,33154781.00
10/5/2020,210.38,207.22,210.41,206.98,21331561.00
10/6/2020,205.91,208.82,210.18,204.82,28554261.00
10/7/2020,209.83,207.06,210.11,206.72,25681054.00
10/8/2020,210.58,210.51,211.19,208.32,19925837.00
10/9/2020,215.81,211.23,215.86,211.23,26458047.00
10/12/2020,221.40,218.79,223.86,216.81,40461368.00
10/13/2020,222.86,222.72,225.21,220.43,28950843.00
10/14/2020,220.86,223.00,224.22,219.13,23451713.00
10/15/2020,219.66,217.10,220.36,216.01,22733064.00
10/16/2020,219.66,220.15,222.29,219.32,26057882.00
10/19/2020,214.22,220.42,222.30,213.72,27625841.00
10/20/2020,214.65,215.80,217.37,213.09,22753511.00
10/21/2020,214.80,213.12,216.92,213.12,22724906.00
10/22/2020,214.89,213.93,216.06,211.70,22351450.00
10/23/2020,216.23,215.03,216.28,213.16,18879608.00
10/26/2020,210.08,213.85,216.34,208.10,37111561.00
10/27/2020,213.25,211.59,214.67,210.33,36700325.00
10/28/2020,202.68,207.67,208.84,202.10,51195593.00
10/29/2020,204.72,204.07,207.36,203.37,31432563.00
10/30/2020,202.47,203.50,204.29,199.62,36980111.00
11/2/2020,202.33,204.29,205.28,200.12,30842163.00
11/3/2020,206.43,203.89,208.12,203.12,27512030.00
11/4/2020,216.39,214.02,218.32,212.42,42311777.00
11/5/2020,223.29,222.04,224.12,221.15,36080137.00
11/6/2020,223.72,222.26,224.36,218.03,25231895.00
11/9/2020,218.39,224.44,228.12,217.88,44394950.00
11/10/2020,211.01,214.50,216.50,209.72,44045120.00
11/11/2020,216.55,212.39,218.04,212.20,29440788.00
11/12/2020,215.44,217.21,219.11,214.46,21616115.00
11/13/2020,216.51,216.36,217.42,214.16,18630307.00
11/16/2020,217.23,214.87,217.74,214.52,24953344.00
11/17/2020,214.46,216.10,217.68,214.08,24154112.00
11/18/2020,211.08,213.65,215.17,210.93,28372789.00
11/19/2020,212.42,211.38,213.03,209.93,24792746.00
11/20/2020,210.39,212.20,213.29,210.00,22843119.00
11/23/2020,210.11,210.95,212.29,208.16,25683507.00
11/24/2020,213.86,209.59,214.25,208.86,33979731.00
11/25/2020,213.87,215.11,215.29,212.46,21012887.00
11/27/2020,215.23,214.85,216.27,214.04,14512213.00
11/30/2020,214.07,214.10,214.76,210.84,33064753.00
12/1/2020,216.21,214.51,217.32,213.35,30931318.00
12/2/2020,215.37,214.88,215.47,212.80,23724509.00
12/3/2020,214.24,214.61,216.38,213.65,25120922.00
12/4/2020,214.36,214.22,215.38,213.18,24666039.00
12/7/2020,214.29,214.37,215.54,212.99,24619997.00
12/8/2020,216.01,213.97,216.95,212.89,23284094.00
12/9/2020,211.80,215.16,215.23,211.21,32440603.00
12/10/2020,210.52,211.77,213.08,210.36,26467017.00
12/11/2020,213.26,210.05,213.32,209.11,30979440.00
12/14/2020,214.20,213.10,216.21,212.88,28798379.00
12/15/2020,214.13,215.17,215.42,212.24,27018106.00
12/16/2020,219.28,214.75,220.11,214.72,35023253.00
12/17/2020,219.42,219.87,220.89,217.92,32515784.00
12/18/2020,218.59,218.59,219.69,216.02,63354922.00
12/21/2020,222.59,217.55,224.00,217.28,37181886.00
12/22/2020,223.94,222.69,225.63,221.85,22643397.00
12/23/2020,221.02,223.11,223.56,220.80,18699638.00
12/24/2020,222.75,221.42,223.61,221.20,10550572.00
12/28/2020,224.96,224.45,226.03,223.02,17933496.00
12/29/2020,224.15,226.31,227.18,223.58,17403213.00
12/30/2020,221.68,225.23,225.63,221.47,20272337.00
12/31/2020,222.42,221.70,223.00,219.68,20942132.00
1/4/2021,217.69,222.53,223.00,214.81,37130139.00
1/5/2021,217.90,217.26,218.52,215.70,23822953.00
1/6/2021,212.25,212.17,216.49,211.94,35930653.00
1/7/2021,218.29,214.04,219.34,213.71,27694480.00
1/8/2021,219.62,218.68,220.58,217.03,22956206.00
1/11/2021,217.49,218.47,218.91,216.73,23047029.00
1/12/2021,214.93,216.50,217.10,213.32,23249336.00
1/13/2021,216.34,214.02,216.76,213.93,20087080.00
1/14/2021,213.02,215.91,217.46,212.74,29346737.00
1/15/2021,212.65,213.52,214.51,212.03,31746512.00
1/19/2021,216.44,213.75,216.98,212.63,30480859.00
1/20/2021,224.34,217.70,225.79,217.29,37777260.00
1/21/2021,224.97,224.70,226.30,222.42,30749553.00
1/22/2021,225.95,227.08,230.07,225.80,30172663.00
1/25/2021,229.53,229.12,229.78,224.22,33152095.00
1/26/2021,232.33,231.86,234.18,230.08,49169601.00
1/27/2021,232.90,238.00,240.44,230.14,69870638.00
1/28/2021,238.93,235.61,242.64,235.09,49111159.00
1/29/2021,231.96,235.99,238.02,231.35,42503138.00
2/1/2021,239.65,235.06,242.50,232.43,33314193.00
2/2/2021,239.51,241.30,242.31,238.69,25916337.00
2/3/2021,243.00,239.57,245.09,239.26,27158104.00
2/4/2021,242.01,242.66,243.24,240.37,25296100.00
2/5/2021,242.20,242.23,243.28,240.42,18054752.00
2/8/2021,242.47,243.15,243.68,240.81,22211929.00
2/9/2021,243.77,241.87,244.76,241.38,23564953.00
2/10/2021,242.82,245.00,245.92,240.89,22186706.00
2/11/2021,244.49,244.78,245.15,242.15,15751059.00
2/12/2021,244.99,243.93,245.30,242.73,16561079.00
2/16/2021,243.70,245.03,246.13,242.92,26728487.00
2/17/2021,244.20,241.32,244.31,240.94,21673109.00
2/18/2021,243.79,241.80,243.93,240.86,16925563.00
2/19/2021,240.97,243.75,243.86,240.18,25262600.00
2/22/2021,234.51,237.42,237.93,232.40,36446936.00
2/23/2021,233.27,230.33,234.83,228.73,30228704.00
2/24/2021,234.55,230.01,235.20,229.00,26339746.00
2/25/2021,228.99,232.08,234.59,227.88,39542235.00
2/26/2021,232.38,231.53,235.37,229.54,37819227.00
3/1/2021,236.94,235.90,237.47,233.15,25332837.00
3/2/2021,233.87,237.01,237.30,233.45,22812459.00
3/3/2021,227.56,232.16,233.58,227.26,34029526.00
3/4/2021,226.73,226.74,232.49,224.26,44727785.00
3/5/2021,231.60,229.52,233.27,226.46,41872770.00
3/8/2021,227.39,231.37,233.37,227.13,35267440.00
3/9/2021,233.78,232.88,235.38,231.67,33080531.00
3/10/2021,232.42,237.00,237.00,232.04,29746812.00
3/11/2021,237.13,234.96,239.17,234.31,29907586.00
3/12/2021,235.75,234.01,235.82,233.23,22653662.00
3/15/2021,234.81,234.96,235.19,231.81,26042669.00
3/16/2021,237.71,236.28,240.06,235.94,28092196.00
3/17/2021,237.04,236.15,238.55,233.23,29562100.00
3/18/2021,230.72,232.56,234.19,230.33,34852251.00
3/19/2021,230.35,231.02,232.47,229.35,46430730.00
3/22/2021,235.99,230.27,236.90,230.14,30127005.00
3/23/2021,237.58,237.49,241.05,237.07,31638376.00
3/24/2021,235.46,237.85,238.00,235.32,25620127.00
3/25/2021,232.34,235.30,236.94,231.57,34061853.00
3/26/2021,236.48,231.55,236.71,231.55,25479853.00
3/29/2021,235.24,236.59,236.80,231.88,25227455.00
3/30/2021,231.85,233.53,233.85,231.10,24792012.00
3/31/2021,235.77,232.91,239.10,232.39,43623471.00
4/1/2021,242.35,238.47,242.84,238.05,30337982.00
4/5/2021,249.07,242.76,249.96,242.70,36910609.00
4/6/2021,247.86,247.61,249.40,246.88,22931923.00
4/7/2021,249.90,247.81,250.93,247.19,22719835.00
4/8/2021,253.25,252.77,254.14,252.00,23625197.00
4/9/2021,255.85,252.87,255.99,252.44,24326833.00
4/12/2021,255.91,254.71,257.67,254.62,27098942.00
4/13/2021,258.49,257.26,259.19,256.83,23837469.00
4/14/2021,255.59,257.48,258.83,255.16,23070938.00
4/15/2021,259.50,257.93,259.93,257.73,25627481.00
4/16/2021,260.74,259.47,261.00,257.60,24878582.00
4/19/2021,258.74,260.19,261.48,257.82,23209260.00
4/20/2021,258.26,257.82,260.20,256.84,19722875.00
4/21/2021,260.58,258.94,260.68,257.25,24030383.00
4/22/2021,257.17,260.21,261.78,255.64,25606152.00
4/23/2021,261.15,257.88,261.51,257.27,21499286.00
4/26/2021,261.55,261.66,262.44,260.17,19763346.00
4/27/2021,261.97,261.59,263.19,260.12,31014213.00
4/28/2021,254.56,256.08,256.54,252.95,46903119.00
4/29/2021,252.51,255.46,256.10,249.00,40589023.00
4/30/2021,252.18,249.74,253.08,249.60,30945098.00
5/3/2021,251.86,253.40,254.35,251.12,19626568.00
5/4/2021,247.79,250.97,251.21,245.76,32756052.00
5/5/2021,246.47,249.06,249.50,245.82,21901325.00
5/6/2021,249.73,246.45,249.86,244.69,26491085.00
5/7/2021,252.46,252.15,254.30,251.17,27032912.00
5/10/2021,247.18,250.87,251.73,247.12,29299890.00
5/11/2021,246.23,244.55,246.60,242.57,33641589.00
5/12/2021,239.00,242.17,244.38,238.07,36684370.00
5/13/2021,243.03,241.80,245.60,241.42,29624298.00
5/14/2021,248.15,245.58,249.18,245.49,23637263.00
5/17/2021,245.18,246.55,246.59,243.52,24970168.00
5/18/2021,243.08,246.27,246.41,242.90,20167975.00
5/19/2021,243.12,239.31,243.23,238.60,25739807.00
5/20/2021,246.48,243.96,247.95,243.86,21800716.00
5/21/2021,245.17,247.57,248.33,244.74,21863058.00
5/24/2021,250.78,247.79,251.16,247.51,21411547.00
5/25/2021,251.72,251.77,252.75,250.82,17704303.00
5/26/2021,251.49,251.43,252.94,250.75,17771600.00
5/27/2021,249.31,251.17,251.48,249.25,24426244.00
5/28/2021,249.68,251.00,252.08,249.56,18274942.00
6/1/2021,247.40,251.23,251.29,246.96,23213310.00
6/2/2021,247.30,248.13,249.27,245.84,19406705.00
6/3/2021,245.71,245.22,246.34,243.00,25307711.00
6/4/2021,250.79,247.76,251.65,247.51,25281094.00
6/7/2021,253.81,249.98,254.09,249.81,23079167.00
6/8/2021,252.57,255.16,256.01,252.51,22454998.00
6/9/2021,253.59,253.81,255.53,253.21,17937634.00
6/10/2021,257.24,254.29,257.46,253.67,24563619.00
6/11/2021,257.89,257.99,258.49,256.61,18999731.00
6/14/2021,259.89,257.90,259.95,256.80,18243135.00
6/15/2021,258.36,259.78,259.99,257.68,18038931.00
6/16/2021,257.38,259.40,260.58,254.42,27219956.00
6/17/2021,260.90,256.07,261.75,256.01,27565537.00
6/18/2021,259.43,259.63,262.30,258.75,37202217.00
6/21/2021,262.63,259.82,263.52,257.92,26696119.00
6/22/2021,265.51,262.72,265.79,262.40,24694090.00
6/23/2021,265.28,265.99,266.83,264.43,19518681.00
6/24/2021,266.69,266.16,267.85,265.47,21446867.00
6/25/2021,265.02,266.23,267.25,264.76,25611113.00
6/28/2021,268.72,266.19,268.90,265.91,19590024.00
6/29/2021,271.40,268.87,271.65,267.98,19937811.00
6/30/2021,270.90,270.69,271.36,269.60,21656457.00
7/1/2021,271.60,269.61,271.84,269.60,16725323.00
7/2/2021,277.65,272.82,278.00,272.50,26474408.00
7/6/2021,277.66,278.03,279.37,274.30,31565560.00
7/7/2021,279.93,279.40,280.69,277.15,23260031.00
7/8/2021,277.42,276.90,278.73,274.87,24618591.00
7/9/2021,277.94,275.72,278.05,275.32,23916665.00
7/12/2021,277.32,279.16,279.77,276.58,18931695.00
7/13/2021,280.98,277.52,282.85,277.39,26120128.00
7/14/2021,282.51,282.35,283.66,280.55,23113662.00
7/15/2021,281.03,282.00,282.51,279.83,22604227.00
7/16/2021,280.75,282.07,284.10,279.46,26186848.00
7/19/2021,277.01,278.93,280.37,274.45,32935634.00
7/20/2021,279.32,278.03,280.97,276.26,26259741.00
7/21/2021,281.40,278.91,281.52,277.29,24364320.00
7/22/2021,286.14,283.84,286.42,283.42,23384059.00
7/23/2021,289.67,287.37,289.99,286.50,22768071.00
7/26/2021,289.05,289.00,289.69,286.64,23176073.00
7/27/2021,286.54,289.43,289.58,282.95,33604073.00
7/28/2021,286.22,288.99,290.15,283.83,33566853.00
7/29/2021,286.50,286.24,288.62,286.08,18168294.00
7/30/2021,284.91,285.17,286.66,283.91,20944846.00
8/2/2021,284.82,286.36,286.78,283.74,16267357.00
8/3/2021,287.12,285.42,287.23,284.00,17879048.00
8/4/2021,286.51,286.22,287.59,284.65,16191301.00
8/5/2021,289.52,286.88,289.63,286.10,13900167.00
8/6/2021,289.46,288.51,289.50,287.62,16589336.00
8/9/2021,288.33,289.75,291.55,287.81,16117629.00
8/10/2021,286.44,288.80,289.25,285.20,18616578.00
8/11/2021,286.95,287.21,288.66,285.86,13955934.00
8/12/2021,289.81,286.63,289.97,286.34,14570391.00
8/13/2021,292.85,289.48,292.90,289.30,18249046.00
8/16/2021,294.60,293.19,294.82,290.02,22516027.00
8/17/2021,293.08,292.39,293.43,291.08,20075250.00
8/18/2021,290.73,292.04,294.82,290.27,21812985.00
8/19/2021,296.77,288.69,297.47,288.64,29850461.00
8/20/2021,304.36,299.72,305.84,298.06,40817646.00
8/23/2021,304.65,303.25,305.40,301.85,22830157.00
8/24/2021,302.62,305.02,305.65,302.00,18175774.00
8/25/2021,302.01,304.30,304.59,300.42,20006057.00
8/26/2021,299.09,300.99,302.43,298.95,17666084.00
8/27/2021,299.72,298.99,300.87,296.83,22605726.00
8/30/2021,303.59,301.12,304.22,301.06,16348072.00
8/31/2021,301.88,304.42,304.50,301.50,26285338.00
9/1/2021,301.83,302.87,305.19,301.49,18983826.00
9/2/2021,301.15,302.20,303.36,300.18,16290545.00
9/3/2021,301.14,300.99,302.60,300.26,14751610.00
9/7/2021,300.18,301.01,301.09,298.20,17184083.00
9/8/2021,300.21,299.78,300.61,297.47,15046819.00
9/9/2021,297.25,300.82,302.14,297.00,19927000.00
9/10/2021,295.71,298.42,299.92,295.38,19633363.00
9/13/2021,296.99,297.55,298.54,294.08,23652949.00
9/14/2021,299.79,299.56,301.39,298.10,21853433.00
9/15/2021,304.82,303.26,305.32,301.82,28356304.00
9/16/2021,305.22,303.76,305.31,300.76,19550815.00
9/17/2021,299.87,304.17,304.50,299.53,41372457.00
9/20/2021,294.30,296.33,298.72,289.52,38278661.00
9/21/2021,294.80,295.69,297.54,294.07,22364103.00
9/22/2021,298.58,296.73,300.22,294.51,26626342.00
9/23/2021,299.56,298.85,300.90,297.53,18604601.00
9/24/2021,299.35,298.23,299.80,296.93,14998978.00
9/27/2021,294.17,296.14,296.47,292.94,23571742.00
9/28/2021,283.52,289.80,290.78,282.75,43186237.00
9/29/2021,284.00,285.10,286.77,283.01,26353696.00
9/30/2021,281.92,285.71,287.83,281.62,32343635.00
10/1/2021,289.10,282.12,289.98,281.29,30086280.00
10/4/2021,283.11,287.40,287.75,280.25,31350747.00
10/5/2021,288.76,284.05,290.40,284.05,24993024.00
10/6/2021,293.11,285.78,293.63,285.51,28002559.00
10/7/2021,294.85,295.18,296.64,293.92,20430471.00
10/8/2021,294.85,296.22,296.64,293.76,17685700.00
10/11/2021,294.23,292.92,297.97,292.75,19298634.00
10/12/2021,292.88,295.34,295.44,292.35,17974143.00
10/13/2021,296.31,294.91,297.28,293.49,23424025.00
10/14/2021,302.75,299.21,303.27,297.83,27262902.00
10/15/2021,304.21,302.34,304.45,300.52,25384803.00
10/18/2021,307.29,303.57,308.21,302.69,22729297.00
10/19/2021,308.23,308.35,309.30,307.22,17682139.00
10/20/2021,307.41,309.21,309.70,306.11,16537069.00
10/21/2021,310.76,307.17,311.02,306.36,16918100.00
10/22/2021,309.16,310.40,311.09,307.80,17449332.00
10/25/2021,308.13,309.36,309.40,306.46,17554469.00
10/26/2021,310.11,311.00,312.40,308.60,28107349.00
10/27/2021,323.17,316.00,326.10,316.00,52588690.00
10/28/2021,324.35,324.33,324.87,321.36,26297943.00
10/29/2021,331.62,324.13,332.00,323.90,34765982.00
11/1/2021,329.37,331.36,331.49,326.37,27073182.00
11/2/2021,333.13,330.31,333.45,330.00,26487109.00
11/3/2021,334.00,333.90,334.90,330.65,21500082.00
11/4/2021,336.44,332.89,336.54,329.51,23992202.00
11/5/2021,336.06,338.51,338.79,334.42,22570098.00
11/8/2021,336.99,337.30,337.65,334.44,20897001.00
11/9/2021,335.95,337.11,338.72,334.53,21307370.00
11/10/2021,330.80,334.57,334.63,329.92,25500938.00
11/11/2021,332.43,331.25,333.77,330.51,16849844.00
11/12/2021,336.72,333.92,337.23,333.79,23831049.00
11/15/2021,336.07,337.54,337.88,334.03,16723009.00
11/16/2021,339.51,335.68,340.67,335.51,20886832.00
11/17/2021,339.12,338.94,342.19,338.00,19053380.00
11/18/2021,341.27,338.18,342.45,337.12,22463533.00
11/19/2021,343.11,342.64,345.10,342.20,21963403.00
11/22/2021,339.83,344.62,349.67,339.55,31031113.00
11/23/2021,337.68,337.05,339.45,333.56,30427563.00
11/24/2021,337.91,336.28,338.16,333.91,21661307.00
11/26/2021,329.68,334.35,337.93,328.12,23835259.00
11/29/2021,336.63,334.94,339.03,334.74,28563481.00
11/30/2021,330.59,335.32,337.78,328.99,42885609.00
12/1/2021,330.08,335.13,339.28,329.39,33401146.00
12/2/2021,329.49,330.30,333.49,327.80,30765980.00
12/3/2021,323.01,331.99,332.70,318.03,41779279.00
12/6/2021,326.19,323.95,327.45,319.23,30032556.00
12/7/2021,334.92,331.64,335.80,330.10,31021936.00
12/8/2021,334.97,335.31,335.50,330.80,24760988.00
12/9/2021,333.10,334.41,336.49,332.12,22214158.00
12/10/2021,342.54,334.98,343.00,334.79,38095694.00
12/13/2021,339.40,340.68,343.79,339.08,28899431.00
12/14/2021,328.34,333.22,334.64,324.11,44438699.00
12/15/2021,334.65,328.61,335.19,324.50,35381122.00
12/16/2021,324.90,335.71,336.76,323.02,35034831.00
12/17/2021,323.80,320.88,324.92,317.25,47983713.00
12/20/2021,319.91,320.05,322.80,317.57,28326532.00
12/21/2021,327.29,323.29,327.73,319.80,24740597.00
12/22/2021,333.20,328.30,333.61,325.75,24831493.00
12/23/2021,334.69,332.75,336.39,332.73,19617848.00
12/27/2021,342.45,335.46,342.48,335.43,19947029.00
12/28/2021,341.25,343.15,343.81,340.32,15661467.00
12/29/2021,341.95,341.30,344.30,339.68,15041956.00
12/30/2021,339.32,341.91,343.13,338.82,15994471.00
12/31/2021,336.32,338.51,339.36,335.85,18000797.00
1/3/2022,334.75,335.35,338.00,329.78,28918013.00
1/4/2022,329.01,334.83,335.20,326.12,32674306.00
1/5/2022,316.38,325.86,326.07,315.98,40054327.00
1/6/2022,313.88,313.15,318.70,311.49,39646148.00
1/7/2022,314.04,314.15,316.50,310.09,32720018.00
1/10/2022,314.27,309.49,314.72,304.69,44289467.00
1/11/2022,314.98,313.38,316.61,309.89,29386774.00
1/12/2022,318.27,319.67,323.41,317.08,34372217.00
1/13/2022,304.80,320.47,320.88,304.00,45365979.00
1/14/2022,310.20,304.25,310.82,303.75,39846414.00
1/18/2022,302.65,304.07,309.80,301.74,42434112.00
1/19/2022,303.33,306.29,313.91,302.70,45933855.00
1/20/2022,301.60,309.07,311.65,301.14,35380675.00
1/21/2022,296.03,302.69,304.11,295.61,57984403.00
1/24/2022,296.37,292.20,297.11,276.05,86035393.00
1/25/2022,288.49,291.52,294.99,285.17,72848638.00
1/26/2022,296.71,307.99,308.50,293.03,90428853.00
1/27/2022,299.84,302.66,307.30,297.93,53481317.00
1/28/2022,308.26,300.23,308.48,294.45,49743698.00
1/31/2022,310.98,308.95,312.38,306.37,46444536.00
2/1/2022,308.76,310.41,310.63,305.13,40950396.00
2/2/2022,313.46,309.63,315.12,308.88,36635989.00
2/3/2022,301.25,309.49,311.23,299.96,43729972.00
2/4/2022,305.94,300.21,308.80,299.97,35096488.00
2/7/2022,300.95,306.17,307.84,299.90,28533286.00
2/8/2022,304.56,301.25,305.56,299.95,32421188.00
2/9/2022,311.21,309.87,311.93,307.39,31284671.00
2/10/2022,302.38,304.04,309.12,300.70,45386199.00
2/11/2022,295.04,303.19,304.29,294.22,39175620.00
2/14/2022,295.00,293.77,296.76,291.35,36359487.00
2/15/2022,300.47,300.01,300.80,297.02,27379488.00
2/16/2022,299.50,298.37,300.87,293.68,29982121.00
2/17/2022,290.73,296.36,296.80,290.00,32461580.00
2/18/2022,287.93,293.05,293.86,286.31,34264008.00
2/22/2022,287.72,285.00,291.54,284.50,41736117.00
2/23/2022,280.27,290.18,291.70,280.10,37811167.00
2/24/2022,294.59,272.51,295.16,271.52,56989686.00
2/25/2022,297.31,295.14,297.63,291.66,32546721.00
2/28/2022,298.79,294.31,299.14,293.00,34627457.00
3/1/2022,294.95,296.40,299.97,292.15,31217778.00
3/2/2022,300.19,295.36,301.47,293.70,31873007.00
3/3/2022,295.92,302.89,303.13,294.05,27314469.00
3/4/2022,289.86,294.29,295.66,287.17,32369655.00
3/7/2022,278.91,288.53,289.69,278.53,43157178.00
3/8/2022,275.85,277.80,283.96,270.00,48159475.00
3/9/2022,288.50,283.44,289.60,280.78,35204480.00
3/10/2022,285.59,283.02,286.60,280.58,30628012.00
3/11/2022,280.07,287.96,289.51,279.43,27209330.00
3/14/2022,276.44,280.34,285.40,275.82,30660747.00
3/15/2022,287.15,280.35,287.82,278.73,34245085.00
3/16/2022,294.39,289.11,294.57,283.20,37826329.00
3/17/2022,295.22,293.29,295.61,289.37,30816633.00
3/18/2022,300.43,295.37,301.00,292.73,43390625.00
3/21/2022,299.16,298.89,300.14,294.90,28351245.00
3/22/2022,304.06,299.80,305.00,298.77,27599689.00
3/23/2022,299.49,300.51,303.23,297.72,25715377.00
3/24/2022,304.10,299.14,304.20,298.32,24484456.00
3/25/2022,303.68,305.23,305.50,299.29,22566453.00
3/28/2022,310.70,304.33,310.80,304.33,29578188.00
3/29/2022,315.41,313.91,315.82,309.05,30393403.00
3/30/2022,313.86,313.76,315.95,311.58,28163555.00
3/31/2022,308.31,313.90,315.14,307.89,33422070.00
4/1/2022,309.42,309.37,310.13,305.54,27110529.00
4/4/2022,314.97,310.09,315.11,309.71,24335868.00
4/5/2022,310.88,313.27,314.87,309.87,23156719.00
4/6/2022,299.50,305.19,307.00,296.71,40110372.00
4/7/2022,301.37,296.66,303.65,296.35,31411155.00
4/8/2022,296.97,300.44,301.12,296.28,24361917.00
4/11/2022,285.26,291.79,292.61,285.00,34569264.00
4/12/2022,282.06,289.24,290.74,280.49,30966721.00
4/13/2022,287.62,282.73,288.58,281.30,21907176.00
4/14/2022,279.83,288.09,288.31,279.32,28221607.00
4/18/2022,280.52,278.91,282.46,278.34,20778000.00
4/19/2022,285.30,279.38,286.17,278.41,22297720.00
4/20/2022,286.36,289.40,289.70,285.37,22906667.00
4/21/2022,280.81,288.58,293.30,280.06,29454587.00
4/22/2022,274.03,281.68,283.20,273.38,29405798.00
4/25/2022,280.72,273.29,281.11,270.77,35678852.00
4/26/2022,270.22,277.50,278.36,270.00,46518445.00
4/27/2022,283.22,282.10,290.97,279.16,63477694.00
4/28/2022,289.63,285.19,290.98,281.46,33646570.00
4/29/2022,277.52,288.61,289.88,276.50,37073923.00
5/2/2022,284.47,277.71,284.94,276.22,35151105.00
5/3/2022,281.78,283.96,284.13,280.15,25978605.00
5/4/2022,289.98,282.59,290.88,276.73,33599320.00
5/5/2022,277.35,285.54,286.35,274.34,43260386.00
5/6/2022,274.73,274.81,279.25,271.27,37780322.00
5/9/2022,264.58,270.06,272.36,263.32,47725952.00
5/10/2022,269.50,271.69,273.75,265.07,39336424.00
5/11/2022,260.55,265.68,271.36,259.30,48975898.00
5/12/2022,255.35,257.69,259.88,250.02,51033802.00
5/13/2022,261.12,257.35,263.04,255.35,34925093.00
5/16/2022,261.50,259.96,265.82,255.78,32550933.00
5/17/2022,266.82,266.11,268.33,262.46,28828799.00
5/18/2022,254.08,263.00,263.60,252.77,31355985.00
5/19/2022,253.14,253.90,257.67,251.88,32692286.00
5/20/2022,252.56,257.24,258.54,246.44,39199279.00
5/23/2022,260.65,255.49,261.50,253.43,33175379.00
5/24/2022,259.62,257.89,261.33,253.50,29043904.00
5/25/2022,262.52,258.14,264.58,257.13,28547947.00
5/26/2022,265.90,262.27,267.11,261.43,25002105.00
5/27/2022,273.24,268.48,273.34,267.56,26910806.00
5/31/2022,271.87,272.53,274.77,268.93,37827695.00
6/1/2022,272.42,275.20,277.69,270.04,25292174.00
6/2/2022,274.58,264.45,274.65,261.60,44008209.00
6/3/2022,270.02,270.31,273.45,268.41,28058958.00
6/6/2022,268.75,272.06,274.18,267.22,22400342.00
6/7/2022,272.50,266.64,273.13,265.94,22860677.00
6/8/2022,270.41,271.71,273.00,269.61,17372341.00
6/9/2022,264.79,267.78,272.71,264.63,26439728.00
6/10/2022,252.99,260.58,260.58,252.53,31445841.00
6/13/2022,242.26,245.11,249.02,241.53,46135788.00
6/14/2022,244.49,243.86,245.74,241.51,28651487.00
6/15/2022,251.76,248.31,255.30,246.42,33111729.00
6/16/2022,244.97,245.98,247.42,243.02,33169160.00
6/17/2022,247.65,244.70,250.50,244.03,43084780.00
6/21/2022,253.74,250.26,254.75,249.51,29928297.00
6/22/2022,253.13,251.89,257.17,250.37,25961215.00
6/23/2022,258.86,255.57,259.37,253.63,25861449.00
6/24/2022,267.70,261.81,267.98,261.72,33923231.00
6/27/2022,264.89,268.21,268.30,263.28,24615114.00
6/28/2022,256.48,263.98,266.91,256.32,27380247.00
6/29/2022,260.26,257.59,261.97,255.76,20069839.00
6/30/2022,256.83,257.05,259.53,252.90,31730868.00
7/1/2022,259.58,256.39,259.77,254.61,22837692.00
7/5/2022,262.85,256.16,262.98,254.74,22971634.00
7/6/2022,266.21,263.75,267.99,262.40,23824419.00
7/7/2022,268.40,265.12,269.06,265.02,20859874.00
7/8/2022,267.66,264.79,268.10,263.29,19658751.00
7/11/2022,264.51,265.65,266.53,262.18,19519108.00
7/12/2022,253.67,265.88,265.94,252.04,35868450.00
7/13/2022,252.72,250.19,253.55,248.11,29497423.00
7/14/2022,254.08,250.57,255.14,245.94,25102823.00
7/15/2022,256.72,255.72,260.37,254.77,29774050.00
7/18/2022,254.25,259.75,260.84,253.30,20975034.00
7/19/2022,259.53,257.58,259.72,253.68,25012562.00
7/20/2022,262.27,259.90,264.87,258.91,22788282.00
7/21/2022,264.84,259.79,264.89,257.03,22404675.00
7/22/2022,260.36,265.24,265.33,259.07,21881290.00
7/25/2022,258.83,261.00,261.50,256.81,21055998.00
7/26/2022,251.90,259.86,259.88,249.57,39347957.00
7/27/2022,268.74,261.16,270.05,258.85,45994049.00
7/28/2022,276.41,269.75,277.84,267.87,33459327.00
7/29/2022,280.74,277.70,282.00,276.63,32152752.00
8/1/2022,278.01,277.82,281.28,275.84,21539580.00
8/2/2022,274.82,276.00,277.89,272.38,22754184.00
8/3/2022,282.47,276.76,283.50,276.61,23518874.00
8/4/2022,283.65,281.80,283.80,280.17,18098668.00
8/5/2022,282.91,279.15,283.65,278.68,16774606.00
8/8/2022,280.32,284.05,285.92,279.32,18757818.00
8/9/2022,282.30,279.64,283.08,277.61,23405238.00
8/10/2022,289.16,288.17,289.81,286.94,24687845.00
8/11/2022,287.02,290.85,291.21,286.51,20065938.00
8/12/2022,291.91,288.48,291.91,286.94,22619675.00
8/15/2022,293.47,291.00,294.18,290.11,18085654.00
8/16/2022,292.71,291.99,294.04,290.42,18102882.00
8/17/2022,291.32,289.74,293.35,289.47,18253358.00
8/18/2022,290.17,290.19,291.91,289.08,17186192.00
8/19/2022,286.15,288.90,289.25,285.56,20570033.00
8/22/2022,277.75,282.08,282.46,277.22,25061070.00
8/23/2022,276.44,276.44,278.86,275.40,17527409.00
8/24/2022,275.79,275.41,277.23,275.11,18137019.00
8/25/2022,278.85,277.33,279.02,274.52,16583407.00
8/26/2022,268.09,279.08,280.34,267.98,27549307.00
8/29/2022,265.23,265.85,267.40,263.85,20338544.00
8/30/2022,262.97,266.67,267.05,260.66,22767071.00
8/31/2022,261.47,265.39,267.11,261.33,24791834.00
9/1/2022,260.40,258.87,260.89,255.41,23263431.00
9/2/2022,256.06,261.70,264.74,254.47,22855380.00
9/6/2022,253.25,256.20,257.83,251.94,21328242.00
9/7/2022,258.09,254.70,258.83,253.22,24126700.00
9/8/2022,258.52,257.51,260.43,254.79,20319911.00
9/9/2022,264.46,260.50,265.23,260.29,22093190.00
9/12/2022,266.65,265.78,267.45,265.16,18747690.00
9/13/2022,251.99,258.84,260.40,251.59,33353318.00
9/14/2022,252.22,253.53,254.23,249.86,23912954.00
9/15/2022,245.38,249.77,251.40,244.02,31530948.00
9/16/2022,244.74,244.26,245.30,242.06,39791768.00
9/19/2022,244.52,242.47,245.14,240.85,26826931.00
9/20/2022,242.45,242.07,243.51,239.64,26660299.00
9/21/2022,238.95,244.27,247.66,238.90,28625557.00
9/22/2022,240.98,237.87,243.86,237.57,31061162.00
9/23/2022,237.92,239.54,241.13,235.20,34176048.00
9/26/2022,237.45,237.05,241.45,236.90,27694190.00
9/27/2022,236.41,239.98,241.80,234.50,27018732.00
9/28/2022,241.07,236.81,242.33,234.73,29029679.00
9/29/2022,237.50,238.89,239.95,234.41,27484233.00
9/30/2022,232.90,238.29,240.54,232.73,35694832.00
10/3/2022,240.74,235.41,241.61,234.66,28880357.00
10/4/2022,248.88,245.09,250.36,244.98,34888416.00
10/5/2022,249.20,245.99,250.58,244.10,20347136.00
10/6/2022,246.79,247.93,250.34,246.08,20239886.00
10/7/2022,234.24,240.90,241.32,233.17,37769602.00
10/10/2022,229.25,233.05,234.56,226.73,29743608.00
10/11/2022,225.41,227.62,229.06,224.11,30473954.00
10/12/2022,225.75,225.40,227.86,223.96,21903937.00
10/13/2022,234.24,219.85,236.10,219.13,42551818.00
10/14/2022,228.56,235.54,237.24,228.34,30198588.00
10/17/2022,237.53,235.82,238.96,235.14,28142268.00
10/18/2022,238.50,243.24,243.93,235.37,26329591.00
10/19/2022,236.48,237.04,239.61,234.29,19985698.00
10/20/2022,236.15,235.77,241.31,234.87,21811015.00
10/21/2022,242.12,234.74,243.00,234.50,26299733.00
10/24/2022,247.25,243.76,247.84,241.30,24911212.00
10/25/2022,250.66,247.26,251.04,245.83,34775505.00
10/26/2022,231.32,231.17,238.30,230.06,82684846.00
10/27/2022,226.75,231.04,233.69,225.78,40424645.00
10/28/2022,235.87,226.24,236.60,226.05,40647724.00
10/31/2022,232.13,233.76,234.92,231.15,28357265.00
11/1/2022,228.17,234.60,235.74,227.33,30592271.00
11/2/2022,220.10,229.46,231.30,220.04,38407008.00
11/3/2022,214.25,220.09,220.41,213.98,36633922.00
11/4/2022,221.39,217.55,221.59,213.43,36789063.00
11/7/2022,227.87,221.99,228.41,221.28,33497979.00
11/8/2022,228.87,228.70,231.65,225.84,28192548.00
11/9/2022,224.51,227.37,228.63,224.33,27852910.00
11/10/2022,242.98,235.43,243.33,235.00,46268021.00
11/11/2022,247.11,242.99,247.99,241.93,34620246.00
11/14/2022,241.55,241.99,243.91,239.21,31123340.00
11/15/2022,241.97,245.66,247.00,240.03,31390117.00
11/16/2022,241.73,242.79,243.80,240.42,24093272.00
11/17/2022,241.68,237.78,243.25,237.63,23123544.00
11/18/2022,241.22,243.51,243.74,239.03,27613523.00
11/21/2022,242.05,241.43,244.67,241.19,26394700.00
11/22/2022,245.03,243.59,245.31,240.71,19665699.00
11/23/2022,247.58,245.11,248.28,244.27,19508462.00
11/25/2022,247.49,247.31,248.70,246.73,9200772.00
11/28/2022,241.76,246.08,246.65,240.80,24810271.00
11/29/2022,240.33,241.40,242.79,238.21,17956313.00
11/30/2022,255.14,240.57,255.33,239.86,47594239.00
12/1/2022,254.69,253.87,256.12,250.92,26041524.00
12/2/2022,255.02,249.82,256.06,249.69,21528520.00
12/5/2022,250.20,252.01,253.82,248.06,23435294.00
12/6/2022,245.12,250.82,251.86,243.78,22463727.00
12/7/2022,244.37,244.83,246.16,242.21,20481522.00
12/8/2022,247.40,244.84,248.74,243.06,22611757.00
12/9/2022,245.42,244.70,248.31,244.16,20609743.00
12/12/2022,252.51,247.45,252.54,247.17,30665069.00
12/13/2022,256.92,261.69,263.92,253.07,42196884.00
12/14/2022,257.22,257.13,262.59,254.31,35410933.00
12/15/2022,249.01,253.72,254.20,247.34,35568093.00
12/16/2022,244.69,248.55,249.84,243.51,86101994.00
12/19/2022,240.45,244.86,245.21,238.71,29696436.00
12/20/2022,241.80,239.40,242.91,238.42,25150802.00
12/21/2022,244.43,241.69,245.62,240.11,23690607.00
12/22/2022,238.19,241.26,241.99,233.87,28651664.00
12/23/2022,238.73,236.11,238.87,233.94,21206982.00
12/27/2022,236.96,238.70,238.93,235.83,16424889.00
12/28/2022,234.53,236.89,239.72,234.17,17457104.00
12/29/2022,241.01,235.65,241.92,235.65,19770693.00
12/30/2022,239.82,238.21,239.96,236.66,21938472.00
1/3/2023,239.58,243.08,245.75,237.40,25740036.00
1/4/2023,229.10,232.28,232.87,225.96,50623394.00
1/5/2023,222.31,227.20,227.55,221.76,39585623.00
1/6/2023,224.93,223.00,225.76,219.35,43613574.00
1/9/2023,227.12,226.45,231.24,226.41,27369784.00
1/10/2023,228.85,227.76,231.31,227.33,27033881.00
1/11/2023,235.77,231.29,235.95,231.11,28669331.00
1/12/2023,238.51,235.26,239.90,233.56,27269486.00
1/13/2023,239.23,237.00,239.37,234.92,21333265.00
1/17/2023,240.35,237.97,240.91,237.09,29831257.00
1/18/2023,235.81,241.57,242.38,235.52,30028692.00
1/19/2023,231.93,233.78,235.52,230.68,28623033.00
1/20/2023,240.22,234.86,240.74,234.51,35389809.00
1/23/2023,242.58,241.10,245.17,239.65,31933951.00
1/24/2023,242.04,242.50,243.95,240.44,40234444.00
1/25/2023,240.61,234.48,243.30,230.90,66526641.00
1/26/2023,248.00,243.65,248.31,242.00,33454491.00
1/27/2023,248.16,248.99,249.83,246.83,26498939.00
1/30/2023,242.71,244.51,245.60,242.20,25867365.00
1/31/2023,247.81,243.45,247.95,242.95,26541072.00
2/1/2023,252.75,248.00,255.18,245.47,31259912.00
2/2/2023,264.60,258.82,264.69,257.25,39940437.00
2/3/2023,258.35,259.54,264.20,257.10,29077256.00
2/6/2023,256.77,257.44,258.30,254.78,22517997.00
2/7/2023,267.56,260.53,268.78,260.08,50841365.00
2/8/2023,266.73,273.20,276.76,266.21,54686049.00
2/9/2023,263.62,273.80,273.98,262.80,42375102.00
2/10/2023,263.10,261.53,264.09,260.66,25818489.00
2/13/2023,271.32,267.64,274.60,267.15,44630921.00
2/14/2023,272.17,272.67,274.97,269.28,37047924.00
2/15/2023,269.32,268.32,270.73,266.18,28962163.00
2/16/2023,262.15,264.02,266.74,261.90,29603616.00
2/17/2023,258.06,259.39,260.09,256.00,30000055.00
2/21/2023,252.67,254.48,255.49,251.59,28397444.00
2/22/2023,251.51,254.09,254.34,250.34,22491056.00
2/23/2023,254.77,255.56,256.84,250.48,29219095.00
2/24/2023,249.22,249.96,251.00,248.10,24990905.00
2/27/2023,250.16,252.46,252.82,249.39,21190042.00
2/28/2023,249.42,249.07,251.49,248.73,22490950.00
3/1/2023,246.27,250.76,250.93,245.79,27565259.00
3/2/2023,251.11,246.55,251.40,245.61,24833646.00
3/3/2023,255.29,252.19,255.62,251.39,30760136.00
3/6/2023,256.87,256.43,260.12,255.98,24109849.00
3/7/2023,254.15,256.30,257.69,253.39,21473179.00
3/8/2023,253.70,254.04,254.54,250.81,17340217.00
3/9/2023,252.32,255.82,259.56,251.58,26653387.00
3/10/2023,248.59,251.08,252.79,247.60,28333930.00
3/13/2023,253.92,247.40,257.91,245.73,33339721.00
3/14/2023,260.79,256.75,261.07,255.86,33620293.00
3/15/2023,265.44,259.98,266.48,259.21,46028047.00
3/16/2023,276.20,265.21,276.56,263.28,54832140.00
3/17/2023,279.43,278.26,283.33,276.32,69527371.00
3/20/2023,272.23,276.98,277.48,269.85,43466649.00
3/21/2023,273.78,274.88,275.00,269.52,34558704.00
3/22/2023,272.29,273.40,281.04,272.18,34873330.00
3/23/2023,277.66,277.94,281.06,275.20,36610879.00
3/24/2023,280.57,277.24,280.63,275.28,28199962.00
3/27/2023,276.38,280.50,281.46,275.52,26840212.00
3/28/2023,275.23,275.79,276.14,272.05,21878647.00
3/29/2023,280.51,278.96,281.14,278.41,25087032.00
3/30/2023,284.05,284.23,284.46,281.48,25053410.00
3/31/2023,288.30,283.73,289.27,283.00,32765976.00
4/3/2023,287.23,286.52,288.27,283.95,24883342.00
4/4/2023,287.18,287.23,290.45,285.67,25824299.00
4/5/2023,284.34,285.85,287.15,282.92,22064770.00
4/6/2023,291.60,283.21,292.08,282.03,29770334.00
4/10/2023,289.39,289.21,289.60,284.71,23102994.00
4/11/2023,282.83,285.75,285.98,281.64,27276589.00
4/12/2023,283.49,284.79,287.01,281.96,27403432.00
4/13/2023,289.84,283.59,289.90,283.17,24222678.00
4/14/2023,286.14,287.00,288.48,283.69,20987917.00
4/17/2023,288.80,289.93,291.60,286.16,23836223.00
4/18/2023,288.37,291.57,291.76,287.01,20161845.00
4/19/2023,288.45,285.99,289.05,284.54,17150271.00
4/20/2023,286.11,285.25,289.03,285.08,23244363.00
4/21/2023,285.76,285.01,286.27,283.06,21676387.00
4/24/2023,281.77,282.09,284.95,278.72,26611014.00
4/25/2023,275.42,279.51,281.60,275.37,45772236.00
4/26/2023,295.37,296.70,299.57,292.73,64599182.00
4/27/2023,304.83,295.97,305.20,295.25,46462638.00
4/28/2023,307.26,304.01,308.93,303.31,36469613.00
5/1/2023,305.56,306.97,308.60,305.15,21294115.00
5/2/2023,305.41,307.76,309.18,303.91,26404431.00
5/3/2023,304.40,306.62,308.61,304.09,22360754.00
5/4/2023,305.41,306.24,307.76,303.40,22519907.00
5/5/2023,310.65,305.72,311.97,304.27,28197052.00
5/8/2023,308.65,310.13,310.20,306.09,21318613.00
5/9/2023,307.00,308.00,310.04,306.31,21340829.00
5/10/2023,312.31,308.62,313.00,307.67,30078044.00
5/11/2023,310.11,310.10,311.12,306.26,31680179.00
5/12/2023,308.97,310.55,310.65,306.60,19774696.00
5/15/2023,309.46,309.10,309.91,307.59,16336547.00
5/16/2023,311.74,309.83,313.71,309.83,26730347.00
5/17/2023,314.00,312.29,314.43,310.74,24315012.00
5/18/2023,318.52,314.53,319.04,313.72,27275991.00
5/19/2023,318.34,316.74,318.75,316.37,27546701.00
5/22/2023,321.18,318.60,322.59,318.01,24115664.00
5/23/2023,315.26,320.03,322.72,315.25,30797173.00
5/24/2023,313.85,314.73,316.50,312.61,23384887.00
5/25/2023,325.92,323.24,326.90,320.00,43301743.00
5/26/2023,332.89,324.02,333.40,323.88,36630633.00
5/30/2023,331.21,335.23,335.74,330.52,29503070.00
5/31/2023,328.39,332.29,335.94,327.33,45950553.00
6/1/2023,332.58,325.93,333.53,324.72,26773851.00
6/2/2023,335.40,334.25,337.50,332.55,25873769.00
6/5/2023,335.94,335.22,338.56,334.66,21307053.00
6/6/2023,333.68,335.33,335.37,332.17,20396223.00
6/7/2023,323.38,331.65,334.49,322.50,40717129.00
6/8/2023,325.26,323.94,326.64,323.35,23277708.00
6/9/2023,326.79,324.99,329.99,324.41,22528950.00
6/12/2023,331.85,328.58,332.10,325.16,24306753.00
6/13/2023,334.29,334.47,336.98,330.39,22951279.00
6/14/2023,337.34,334.34,339.04,332.81,26003791.00
6/15/2023,348.10,337.48,349.84,337.20,38899075.00
6/16/2023,342.33,351.32,351.47,341.95,46551985.00
6/20/2023,338.05,339.31,342.08,335.86,26375407.00
6/21/2023,333.56,336.37,337.73,332.07,25117799.00
6/22/2023,339.71,334.12,340.12,333.34,23556764.00
6/23/2023,335.02,334.36,337.96,333.45,23146901.00
6/26/2023,328.60,333.72,336.11,328.49,21520582.00
6/27/2023,334.57,331.86,336.15,329.30,24354110.00
6/28/2023,335.85,334.66,337.98,333.81,20259523.00
6/29/2023,335.05,334.71,336.11,332.62,16997042.00
6/30/2023,340.54,337.75,342.73,337.20,26832756.00
7/3/2023,337.99,339.19,340.90,336.57,12508692.00
7/5/2023,338.15,335.09,341.65,334.73,18172378.00
7/6/2023,341.27,337.30,342.99,335.50,28195534.00
7/7/2023,337.22,339.32,341.79,337.00,21214824.00
7/10/2023,331.83,334.60,335.23,327.59,32791449.00
7/11/2023,332.47,331.06,332.86,327.00,26698218.00
7/12/2023,337.20,336.60,341.65,335.67,29995262.00
7/13/2023,342.66,339.56,343.74,339.02,20567159.00
7/14/2023,345.24,347.59,351.43,344.31,28352729.00
7/17/2023,345.73,345.68,346.99,342.20,20363927.00
7/18/2023,359.49,345.83,366.78,342.17,64872705.00
7/19/2023,355.08,361.75,362.46,352.44,39732901.00
7/20/2023,346.87,353.57,357.97,345.37,33778395.00
7/21/2023,343.77,349.15,350.30,339.83,69405382.00
7/24/2023,345.11,345.85,346.92,342.31,26719207.00
7/25/2023,350.98,347.11,351.89,345.07,41637739.00
7/26/2023,337.77,341.44,344.67,333.11,58383702.00
7/27/2023,330.72,340.48,341.33,329.05,39635262.00
7/28/2023,338.37,333.67,340.01,333.17,28484868.00
7/31/2023,335.92,336.92,337.70,333.36,25446022.00
8/1/2023,336.34,335.19,338.54,333.70,18381253.00
8/2/2023,327.50,333.63,333.63,326.36,27761257.00
8/3/2023,326.66,326.00,329.88,325.95,18360352.00
8/4/2023,327.78,331.88,335.14,327.24,23741484.00
8/7/2023,330.11,328.37,331.11,327.52,17741526.00
8/8/2023,326.05,326.96,328.75,323.00,22327574.00
8/9/2023,322.23,326.47,327.11,321.05,22373268.00
8/10/2023,322.93,326.02,328.26,321.18,20113725.00
8/11/2023,321.01,320.26,322.41,319.21,24355491.00
8/14/2023,324.04,321.39,324.06,320.08,18836139.00
8/15/2023,321.86,323.00,325.09,320.90,16966285.00
8/16/2023,320.40,320.80,324.42,319.80,20698864.00
8/17/2023,316.88,320.54,321.87,316.21,21257161.00
8/18/2023,316.48,314.49,318.38,311.55,24755012.00
8/21/2023,321.88,317.93,322.77,317.04,24039956.00
8/22/2023,322.46,325.50,326.08,321.46,16102024.00
8/23/2023,327.00,323.82,329.20,323.46,21166382.00
8/24/2023,319.97,332.85,332.98,319.96,23281434.00
8/25/2023,322.98,321.47,325.36,318.80,21684104.00
8/28/2023,323.70,325.66,326.15,321.72,14808482.00
8/29/2023,328.41,321.88,328.98,321.88,19284590.00
8/30/2023,328.79,328.67,329.81,326.45,15222110.00
8/31/2023,327.76,329.20,330.91,326.78,26410954.00
9/1/2023,328.66,331.31,331.99,326.78,14942024.00
9/5/2023,333.55,329.00,334.85,328.66,18553859.00
9/6/2023,332.88,333.38,334.46,330.18,17535773.00
9/7/2023,329.91,331.29,333.08,329.03,18380995.00
9/8/2023,334.27,330.09,336.16,329.46,19548165.00
9/11/2023,337.94,337.24,338.42,335.43,16583324.00
9/12/2023,331.77,335.82,336.79,331.48,17565482.00
9/13/2023,336.06,331.31,336.85,331.17,16544412.00
9/14/2023,338.70,339.15,340.86,336.57,20267048.00
9/15/2023,330.22,336.92,337.40,329.65,37679792.00
9/18/2023,329.06,327.80,330.40,326.36,16834208.00
9/19/2023,328.65,326.17,329.39,324.51,16514487.00
9/20/2023,320.77,329.51,329.59,320.51,21436525.00
9/21/2023,319.53,319.26,325.35,315.00,35560362.00
9/22/2023,317.01,321.32,321.45,316.15,21447887.00
9/25/2023,317.54,316.59,317.67,315.00,17835964.00
9/26/2023,312.14,315.13,315.88,310.02,26297573.00
9/27/2023,312.79,312.30,314.30,309.69,19410082.00
9/28/2023,313.64,310.99,315.48,309.45,19683564.00
9/29/2023,315.75,317.75,319.47,314.98,24147298.00
10/2/2023,321.80,316.28,321.89,315.18,20570006.00
10/3/2023,313.39,320.83,321.39,311.22,21033492.00
10/4/2023,318.96,314.03,320.04,314.00,20720144.00
10/5/2023,319.36,319.09,319.98,314.90,16965629.00
10/6/2023,327.26,316.55,329.19,316.30,25673630.00
10/9/2023,329.82,324.75,330.30,323.18,19891180.00
10/10/2023,328.39,330.96,331.10,327.67,20557094.00
10/11/2023,332.42,331.21,332.82,329.14,20063246.00
10/12/2023,331.16,330.57,333.63,328.72,19313098.00
10/13/2023,327.73,332.38,333.83,326.36,21085695.00
10/16/2023,332.64,331.05,336.14,330.60,22158048.00
10/17/2023,332.06,329.59,333.46,327.41,18338523.00
10/18/2023,330.11,332.49,335.59,328.30,23153602.00
10/19/2023,331.32,332.15,336.88,330.91,25052071.00
10/20/2023,326.67,331.72,331.92,325.45,25027715.00
10/23/2023,329.32,325.47,332.73,324.39,24374748.00
10/24/2023,330.53,331.30,331.84,327.60,31153571.00
10/25/2023,340.67,345.02,346.20,337.62,55053828.00
10/26/2023,327.89,340.54,341.63,326.94,37828543.00
10/27/2023,329.81,330.43,336.72,328.40,29856522.00
10/30/2023,337.31,333.41,339.45,331.83,22828082.00
10/31/2023,338.11,338.85,339.00,334.69,20265282.00
11/1/2023,346.07,339.79,347.42,339.65,28158819.00
11/2/2023,348.32,347.24,348.83,344.77,24348072.00
11/3/2023,352.80,349.63,354.39,347.33,23637673.00
11/6/2023,356.53,353.45,357.54,353.35,23828301.00
11/7/2023,360.53,359.40,362.46,357.63,25833931.00
11/8/2023,363.20,361.68,363.87,360.55,26767828.00
11/9/2023,360.69,362.30,364.79,360.36,24847331.00
11/10/2023,369.67,361.49,370.10,361.07,28065164.00
11/13/2023,366.68,368.22,368.47,365.90,19986506.00
11/14/2023,370.27,371.01,371.95,367.35,27683862.00
11/15/2023,369.67,371.28,373.13,367.11,26860095.00
11/16/2023,376.17,370.96,376.35,370.18,27182315.00
11/17/2023,369.85,373.61,374.37,367.00,40325371.00
11/20/2023,377.44,371.22,378.87,371.00,52528964.00
11/21/2023,373.07,375.67,376.22,371.12,28423145.00
11/22/2023,377.85,378.00,379.79,374.97,23361184.00
11/24/2023,377.43,377.33,377.97,375.14,10176649.00
11/27/2023,378.61,376.78,380.64,376.20,22179228.00
11/28/2023,382.70,378.35,383.00,378.16,20453112.00
11/29/2023,378.85,383.76,384.30,377.44,28963399.00
11/30/2023,378.91,378.49,380.09,375.47,30554415.00
12/1/2023,374.51,376.76,378.16,371.31,33040472.00
12/4/2023,369.14,369.10,369.52,362.90,32063305.00
12/5/2023,372.52,366.45,373.08,365.62,23065035.00
12/6/2023,368.80,373.54,374.18,368.03,21182072.00
12/7/2023,370.95,368.23,371.45,366.32,23118864.00
12/8/2023,374.23,369.20,374.46,368.23,20154366.00
12/11/2023,371.30,368.48,371.60,366.10,27708757.00
12/12/2023,374.38,370.85,374.42,370.46,24838253.00
12/13/2023,374.37,376.02,377.64,370.77,30955531.00
12/14/2023,365.93,373.31,373.76,364.13,43277461.00
12/15/2023,370.73,366.85,372.40,366.28,78502324.00
12/18/2023,372.65,369.45,373.00,368.68,21802878.00
12/19/2023,373.26,371.49,373.26,369.84,20603658.00
12/20/2023,370.62,375.00,376.03,370.53,26316650.00
12/21/2023,373.54,372.56,374.41,370.04,17708006.00
12/22/2023,374.58,373.68,375.18,372.71,17107484.00
12/26/2023,374.66,375.00,376.94,373.50,12673050.00
12/27/2023,374.07,373.69,375.06,372.81,14905412.00
12/28/2023,375.28,375.37,376.46,374.16,14327013.00
12/29/2023,376.04,376.00,377.16,373.48,18730838.00
1/2/2024,370.87,373.86,375.90,366.77,25258633.00
1/3/2024,370.60,369.01,373.26,368.51,23083465.00
1/4/2024,367.94,370.67,373.10,367.17,20901502.00
1/5/2024,367.75,368.97,372.06,366.50,21004575.00
1/8/2024,374.69,369.30,375.20,369.01,23133967.00
1/9/2024,375.79,372.01,375.99,371.19,20829953.00
1/10/2024,382.77,376.37,384.17,376.32,25514245.00
1/11/2024,384.63,386.00,390.68,380.38,27850846.00
1/12/2024,388.47,385.49,388.68,384.65,21661153.00
1/16/2024,390.27,393.66,394.03,387.62,27202268.00
1/17/2024,389.47,387.98,390.11,384.81,22234108.00
1/18/2024,393.87,391.72,393.99,390.12,23392068.00
1/19/2024,398.67,395.76,398.67,393.50,29331136.00
1/22/2024,396.51,400.02,400.62,393.59,27016902.00
1/23/2024,398.90,395.75,399.38,393.93,20525882.00
1/24/2024,402.56,401.54,405.63,400.45,24866953.00
1/25/2024,404.87,404.32,407.01,402.53,21021155.00
1/26/2024,403.93,404.37,406.17,402.43,17803271.00
1/29/2024,409.72,406.06,409.98,404.33,24510236.00
1/30/2024,408.59,412.26,413.05,406.45,33477610.00
1/31/2024,397.58,406.96,415.32,397.21,47871097.00
2/1/2024,403.78,401.83,408.00,401.80,30657726.00
2/2/2024,411.22,403.81,412.65,403.56,28256670.00
2/5/2024,405.65,409.90,411.16,403.99,25352286.00
2/6/2024,405.49,405.88,407.97,402.91,18382624.00
2/7/2024,414.05,407.44,414.30,407.40,22340526.00
2/8/2024,414.11,414.05,415.56,412.53,21225257.00
2/9/2024,420.55,415.25,420.82,415.09,22032844.00
2/12/2024,415.26,420.56,420.74,414.75,21202921.00
2/13/2024,406.32,404.94,410.07,403.39,27824936.00
2/14/2024,409.49,408.07,409.84,404.57,20401190.00
2/15/2024,406.56,408.14,409.13,404.29,21825525.00
2/16/2024,404.06,407.96,408.29,403.44,22296495.00
2/20/2024,402.79,403.24,404.49,398.01,24307915.00
2/21/2024,402.18,400.17,402.29,397.22,18631072.00
2/22/2024,411.65,410.19,412.83,408.57,27009869.00
2/23/2024,410.34,415.67,415.86,408.97,16295879.00
2/26/2024,407.54,411.46,412.16,407.36,16193505.00
2/27/2024,407.48,407.99,408.32,403.85,14835827.00
2/28/2024,407.72,408.18,409.30,405.32,13183125.00
2/29/2024,413.64,408.64,414.20,405.92,31947263.00
3/1/2024,415.50,411.27,415.87,410.88,17823445.00
3/4/2024,414.92,413.44,417.35,412.32,17595956.00
3/5/2024,402.65,413.96,414.25,400.64,26919177.00
3/6/2024,402.09,402.97,405.16,398.39,22344149.00
3/7/2024,409.14,406.12,409.78,402.24,18718479.00
3/8/2024,406.22,407.96,410.42,404.33,18002186.00
3/11/2024,404.52,403.76,405.68,401.26,16120752.00
3/12/2024,415.28,407.62,415.57,406.79,22457003.00
3/13/2024,415.10,418.10,418.18,411.45,17115931.00
3/14/2024,425.22,420.24,427.82,417.99,34157299.00
3/15/2024,416.42,419.29,422.60,412.79,45079903.00
3/18/2024,417.32,414.25,420.73,413.78,20105977.00
3/19/2024,421.41,417.83,421.67,415.55,19837915.00
3/20/2024,425.23,422.00,425.96,420.66,17860085.00
3/21/2024,429.37,429.83,430.82,427.16,21296222.00
3/22/2024,428.74,429.70,429.86,426.07,17648473.00
3/25/2024,422.86,425.24,427.41,421.61,18060450.00
3/26/2024,421.65,425.61,425.99,421.35,16725647.00
3/27/2024,421.43,424.44,424.45,419.01,16704978.00
3/28/2024,420.72,420.96,421.87,419.12,21871161.00
4/1/2024,424.57,423.95,427.89,422.22,16315961.00
4/2/2024,421.44,420.11,422.38,417.84,17911992.00
4/3/2024,420.45,419.73,423.26,419.09,16502264.00
4/4/2024,417.88,424.99,428.67,417.57,19370875.00
4/5/2024,425.52,420.01,426.51,418.32,16554761.00
4/8/2024,424.59,425.17,427.28,423.30,14272387.00
4/9/2024,426.28,426.44,427.74,421.62,12512289.00
4/10/2024,423.26,422.19,424.03,419.70,16216581.00
4/11/2024,427.93,425.82,429.37,422.36,17966423.00
4/12/2024,421.90,424.05,425.18,419.77,19253750.00
4/15/2024,413.64,426.60,426.82,413.43,20273538.00
4/16/2024,414.58,414.57,418.40,413.73,16765616.00
4/17/2024,411.84,417.25,418.88,410.33,15855485.00
4/18/2024,404.27,410.63,411.89,403.95,21029917.00
4/19/2024,399.12,404.03,405.48,397.77,30565789.00
4/22/2024,400.96,400.08,402.85,395.75,20286875.00
4/23/2024,407.57,404.24,408.20,403.06,15734501.00
4/24/2024,409.06,409.56,412.47,406.78,15065330.00
4/25/2024,399.04,394.03,399.89,388.03,40586450.00
4/26/2024,406.32,412.17,413.00,405.76,29694654.00
4/29/2024,402.25,405.25,406.32,399.19,19582091.00
4/30/2024,389.33,401.49,402.16,389.17,28781374.00
5/1/2024,394.94,392.61,401.72,390.31,23562481.00
5/2/2024,397.84,397.66,399.93,394.65,17709364.00
5/3/2024,406.66,402.28,407.15,401.86,17446724.00
5/6/2024,413.54,408.76,413.93,406.37,16996639.00
5/7/2024,409.34,414.66,414.67,409.09,20018228.00
5/8/2024,410.54,408.17,412.23,406.71,11792308.00
5/9/2024,412.32,410.57,412.72,409.10,14689727.00
5/10/2024,414.74,412.94,415.38,411.80,13402281.00
5/13/2024,413.72,418.01,418.35,410.82,15440226.00
5/14/2024,416.56,412.02,417.49,411.55,15109306.00
5/15/2024,423.08,417.90,423.81,417.27,22239533.00
5/16/2024,420.99,421.80,425.42,420.35,17530050.00
5/17/2024,420.21,422.54,422.92,418.03,15352239.00
5/20/2024,425.34,420.21,426.77,419.99,16272137.00
5/21/2024,429.04,426.83,432.97,424.85,21453255.00
5/22/2024,430.52,430.09,432.41,427.13,18073698.00
5/23/2024,427.00,432.97,433.60,425.42,17211689.00
5/24/2024,430.16,427.19,431.06,424.41,11855285.00
5/28/2024,430.32,429.63,430.82,426.60,15718024.00
5/29/2024,429.17,425.69,430.94,425.69,15517130.00
5/30/2024,414.67,424.30,424.30,414.24,28424847.00
5/31/2024,415.13,416.75,416.75,404.51,47995250.00
6/3/2024,413.52,415.53,416.43,408.92,17484675.00
6/4/2024,416.07,412.43,416.44,409.68,14348917.00
6/5/2024,424.01,417.81,424.08,416.30,16988038.00
6/6/2024,424.52,424.01,425.31,420.58,14861251.00
6/7/2024,423.85,426.20,426.28,423.00,13621650.00
6/10/2024,427.87,424.70,428.08,423.89,14003034.00
6/11/2024,432.68,425.48,432.82,425.25,14551101.00
6/12/2024,441.06,435.32,443.40,433.25,22366233.00
6/13/2024,441.58,440.85,443.39,439.37,15960565.00
6/14/2024,442.57,438.28,443.14,436.72,13581985.00
6/17/2024,448.37,442.59,450.94,440.72,20790030.00
6/18/2024,446.34,449.71,450.14,444.89,17112504.00
6/20/2024,445.70,446.30,446.53,441.27,19877378.00
6/21/2024,449.78,447.38,450.58,446.51,34486172.00
6/24/2024,447.67,449.80,452.75,446.41,15913719.00
6/25/2024,450.95,448.25,451.42,446.75,16747529.00
6/26/2024,452.16,449.00,453.60,448.19,16507030.00
6/27/2024,452.85,452.18,456.17,451.77,14806324.00
6/28/2024,446.95,453.07,455.38,446.41,28362271.00
7/1/2024,456.73,448.66,457.37,445.66,17662818.00
7/2/2024,459.28,453.20,459.59,453.11,13979779.00
7/3/2024,460.77,458.19,461.02,457.88,9932830.00
7/5/2024,467.56,459.61,468.35,458.97,16000290.00
7/8/2024,466.24,466.55,467.70,464.46,12962321.00
7/9/2024,459.54,467.00,467.33,458.00,17228507.00
7/10/2024,466.25,461.22,466.46,458.86,18196100.00
7/11/2024,454.70,462.98,464.78,451.55,23111175.00
7/12/2024,453.55,454.33,456.36,450.65,16324274.00
7/15/2024,453.96,453.30,457.26,451.43,14429447.00
7/16/2024,449.52,454.22,454.30,446.66,17175679.00
7/17/2024,443.52,442.59,444.85,439.18,21754021.00
7/18/2024,440.37,444.34,444.65,434.40,20794822.00
7/19/2024,437.11,433.10,441.14,432.00,20940417.00
7/22/2024,442.94,441.79,444.60,438.91,15808755.00
7/23/2024,444.85,443.90,448.39,443.10,13107050.00
7/24/2024,428.90,440.45,441.48,427.59,26805800.00
7/25/2024,418.40,428.80,429.80,417.51,29943795.00
7/26/2024,425.27,418.20,428.92,417.27,23583839.00
7/29/2024,426.73,431.58,432.15,424.70,15125836.00
7/30/2024,422.92,427.72,429.05,417.36,32687578.00
7/31/2024,418.35,420.50,421.78,412.21,42891366.00
8/1/2024,417.11,420.79,427.46,413.09,30296400.00
8/2/2024,408.49,412.49,415.00,404.34,29437900.00
8/5/2024,395.15,389.17,401.04,385.58,40709238.00
8/6/2024,399.61,400.00,405.67,398.50,24946525.00
8/7/2024,398.43,408.64,410.08,397.47,20650906.00
8/8/2024,402.69,402.44,405.86,399.94,20203030.00
8/9/2024,406.02,404.03,408.05,402.26,19276666.00
8/12/2024,406.81,407.06,408.76,404.24,16762883.00
8/13/2024,414.01,409.59,414.95,409.57,19414271.00
8/14/2024,416.86,414.80,417.72,412.45,18266980.00
8/15/2024,421.03,419.80,421.11,417.66,20752144.00
8/16/2024,418.47,420.60,421.34,417.30,22775593.00
8/19/2024,421.53,418.96,421.75,416.46,15233957.00
8/20/2024,424.80,421.70,425.86,421.64,16387581.00
8/21/2024,424.14,424.08,426.40,421.72,16067298.00
8/22/2024,415.55,424.36,426.79,414.61,19361901.00
8/23/2024,416.79,416.98,419.26,412.09,18493784.00
8/26/2024,413.49,416.37,417.28,411.34,13152830.00
8/27/2024,413.84,412.86,414.36,410.25,13492911.00
8/28/2024,410.60,414.88,415.00,407.31,14882660.00
8/29/2024,413.12,414.94,422.05,410.60,17045241.00
8/30/2024,417.14,415.60,417.49,412.13,24308324.00
9/3/2024,409.44,417.91,419.88,407.03,20313603.00
9/4/2024,408.90,405.91,411.24,404.37,15135806.00
9/5/2024,408.39,407.62,413.10,406.13,14195516.00
9/6/2024,401.70,409.06,410.65,400.80,19609526.00
9/9/2024,405.72,407.24,408.65,402.15,15295134.00
9/10/2024,414.20,408.20,416.33,407.70,19594287.00
9/11/2024,423.04,415.50,423.99,409.58,19266923.00
9/12/2024,427.00,423.31,427.37,419.75,17418759.00
9/13/2024,430.59,425.83,431.83,425.46,15874555.00
9/16/2024,431.34,430.60,433.53,428.22,13834697.00
9/17/2024,435.15,440.23,441.85,432.27,18874231.00
9/18/2024,430.81,435.00,436.03,430.41,18898042.00
9/19/2024,438.69,441.23,441.50,436.90,21706559.00
9/20/2024,435.27,437.22,439.24,434.22,55167106.00
9/23/2024,433.51,434.28,436.46,430.39,15128891.00
9/24/2024,429.17,433.00,433.35,426.10,17015754.00
9/25/2024,432.11,429.83,433.12,428.57,13396364.00
9/26/2024,431.31,435.09,435.30,429.13,14492044.00
9/27/2024,428.02,431.52,431.85,427.47,14896131.00
9/30/2024,430.30,428.21,430.42,425.37,16854606.00
